idHebergement,NOMBRE D'EMPLACEMENTS
9,350
10,43
11,187
12,110
13,570
14,160
15,93
16,95
24,40
25,145
40,64
48,148
49,137
50,147
51,680
52,23
53,60
54,495
55,62
56,92
57,45
58,67
59,54
60,33
61,324
62,30
63,192
64,45
82,780
83,80
84,25
85,NULL
86,433
87,48
88,330
91,69
92,50
93,75
123,100
124,164
125,135
126,278
127,28
128,88
135,80
136,69
137,88
138,20
139,79
140,97
141,75
142,120
150,160
151,74
153,38
162,60
178,130
179,40
180,256
181,52
182,100
190,253
191,297
203,58
204,140
205,54
206,169
207,83
208,NULL
210,167
211,40
235,25
236,65
237,273
238,130
239,480
240,50
241,241
244,147
245,220
261,218
262,38
263,50
264,350
274,44
283,425
286,314
296,100
297,56
299,17
300,113
301,193
302,106
303,188
304,55
305,316
306,46
307,34
320,50
321,46
331,150
332,40
334,149
336,95
337,65
338,99
339,50
340,NULL
368,39
369,90
370,50
371,134
372,132
373,112
374,145
375,69
376,87
377,168
378,70
392,41
393,169
394,40
395,57
396,25
397,72
399,188
409,52
410,200
411,25
412,40
414,110
415,25
417,101
418,104
419,165
420,57
421,156
448,50
449,65
450,25
451,10
452,124
453,52
454,70
455,39
459,54
460,20
461,300
462,83
463,113
468,230
470,110
482,319
483,361
484,287
485,76
486,370
487,148
488,240
489,47
498,42
499,70
500,250
501,10
506,35
507,6
508,161
526,100
528,410
529,423
530,400
549,440
550,60
551,50
552,20
553,169
554,NULL
555,138
556,109
570,77
571,50
572,300
573,66
574,10
575,28
576,145
593,163
594,50
595,90
596,60
597,55
599,98
600,40
608,219
613,23
614,21
615,80
616,204
624,100
629,40
630,28
632,180
633,383
634,114
641,70
642,240
646,117
647,120
648,100
649,110
673,185
674,124
675,124
676,70
683,55
684,100
688,50
689,650
690,26
691,30
692,17
693,181
694,130
695,100
716,324
717,191
718,164
753,200
756,251
757,75
758,48
759,60
760,71
761,80
767,524
768,26
769,248
770,54
771,92
772,28
781,584
782,73
790,764
791,160
792,50
793,62
794,115
795,86
807,84
808,29
809,280
810,40
811,111
821,57
822,90
826,67
827,70
833,121
834,20
835,52
836,120
837,33
838,110
839,70
840,125
841,118
864,65
865,80
866,131
867,100
868,586
886,150
887,73
888,206
889,364
900,201
911,143
912,81
914,100
915,26
916,40
917,138
918,48
919,110
920,100
922,150
923,NULL
949,100
950,285
951,72
952,165
953,60
957,83
961,127
962,125
963,6
990,80
991,85
992,62
993,80
994,158
995,81
996,46
1013,220
1014,71
1015,60
1016,39
1017,300
1018,130
1020,109
1021,56
1030,97
1031,100
1032,250
1033,252
1034,139
1035,128
1036,108
1037,64
1038,19
1042,60
1076,52
1077,46
1080,195
1081,170
1082,8
1104,257
1105,115
1106,64
1107,102
1108,18
1109,25
1110,190
1118,52
1119,110
1120,81
1121,155
1122,19
1123,80
1124,273
1134,60
1135,40
1138,199
1151,105
1152,86
1153,60
1154,133
1155,68
1156,57
1157,199
1158,90
1173,422
1174,38
1175,166
1176,51
1177,164
1178,64
1195,65
1196,135
1197,75
1208,37
1209,908
1210,239
1211,92
1212,95
1217,247
1221,40
1222,47
1223,35
1224,56
1225,153
1226,23
1227,170
1228,76
1229,99
1230,50
1231,25
1246,316
1247,32
1248,155
1249,99
1250,40
1251,36
1252,66
1261,61
1262,45
1263,48
1264,91
1266,75
1268,100
1288,10
1289,32
1290,158
1291,40
1292,65
1293,160
1294,130
1295,53
1299,78
1300,48
1318,244
1319,159
1320,129
1321,71
1342,195
1347,120
1348,350
1349,280
1350,117
1355,16
1356,550
1357,25
1358,163
1359,60
1360,72
1361,6
1379,310
1380,100
1381,237
1382,150
1383,287
1384,53
1414,81
1415,13
1419,574
1420,54
1421,100
1422,NULL
1423,44
1424,90
1425,140
1436,40
1437,127
1438,100
1439,49
1440,100
1441,91
1446,NULL
1447,208
1448,54
1455,21
1464,45
1467,64
1468,110
1477,80
1478,35
1479,153
1480,260
1481,94
1488,249
1505,59
1506,175
1507,115
1508,250
1509,72
1510,198
1511,125
1512,125
1515,151
1516,137
1536,276
1537,49
1538,75
1539,230
1540,15
1541,100
1542,84
1543,59
1555,74
1556,86
1557,59
1558,73
1559,48
1560,200
1565,73
1574,97
1575,186
1576,36
1580,192
1581,88
1582,150
1583,25
1586,250
1587,120
1588,219
1590,1100
1615,339
1616,136
1617,91
1618,24
1619,65
1624,130
1625,192
1626,546
1630,269
1633,85
1634,83
1635,439
1636,110
1637,NULL
1654,25
1655,170
1656,200
1657,68
1658,35
1659,48
1660,60
1661,52
1662,117
1672,66
1673,89
1674,25
1675,90
1676,50
1677,156
1678,140
1679,209
1686,126
1687,NULL
1688,150
1689,78
1690,89
1691,163
1715,100
1716,26
1717,18
1718,84
1741,97
1751,85
1752,256
1753,88
1754,126
1760,82
1761,131
1762,19
1763,65
1782,143
1783,240
1784,300
1785,345
1786,105
1787,53
1788,33
1806,150
1807,95
1808,74
1809,97
1810,30
1811,20
1812,35
1824,249
1825,140
1826,97
1846,46
1847,51
1848,434
1849,41
1850,110
1851,27
1852,44
1853,39
1858,200
1859,135
1862,50
1866,74
1867,30
1868,150
1869,110
1880,34
1881,100
1882,99
1883,332
1885,39
1886,55
1892,56
1893,182
1896,75
1897,89
1898,220
1900,78
1901,138
1902,57
1903,450
1904,80
1905,NULL
1927,85
1928,74
1929,104
1930,87
1932,164
1949,150
1950,14
1956,205
1957,40
1959,90
1960,36
1961,260
1962,111
1963,532
1964,171
1965,13
1966,110
1967,100
1968,121
1969,55
1970,66
1971,600
1984,115
1985,517
1986,447
1987,42
1989,85
1990,300
1991,21
1992,54
1993,70
1994,720
2015,251
2016,105
2017,42
2019,NULL
2020,109
2021,NULL
2029,100
2032,162
2033,110
2034,190
2035,53
2036,30
2047,300
2048,280
2049,38
2050,75
2051,153
2052,168
2053,60
2054,121
2055,40
2065,44
2066,48
2068,180
2069,131
2078,60
2079,50
2080,330
2081,180
2082,81
2086,235
2088,30
2089,20
2090,153
2099,115
2100,30
2101,92
2102,94
2120,106
2121,89
2122,136
2123,100
2124,35
2126,40
2127,99
2128,33
2129,100
2130,100
2139,119
2140,103
2141,60
2142,88
2143,96
2144,207
2145,353
2146,56
2156,55
2163,NULL
2171,13
2172,49
2177,345
2178,60
2179,188
2180,122
2181,239
2182,49
2183,46
2184,186
2199,60
2200,110
2201,30
2215,71
2216,116
2217,59
2218,154
2219,470
2223,54
2224,25
2225,33
2226,75
2227,128
2228,159
2229,52
2230,82
2231,200
2232,124
2233,178
2234,225
2260,98
2261,94
2262,82
2263,40
2264,110
2265,55
2266,51
2267,32
2268,49
2269,54
2286,234
2287,40
2288,296
2289,50
2290,124
2291,394
2292,134
2293,86
2297,14
2298,63
2310,42
2311,90
2312,253
2313,66
2314,38
2321,25
2322,211
2351,60
2352,33
2353,26
2354,96
2355,55
2356,550
2357,498
2358,61
2360,25
2364,56
2367,65
2381,57
2382,135
2383,81
2391,45
2392,265
2393,54
2401,139
2402,255
2404,60
2422,200
2423,125
2425,212
2427,300
2453,28
2454,105
2455,48
2456,80
2457,405
2458,65
2459,40
2460,26
2461,121
2462,225
2463,58
2478,200
2479,40
2480,19
2481,52
2482,55
2483,50
2484,160
2485,180
2501,72
2502,52
2504,271
2505,123
2510,41
2514,214
2516,40
2517,149
2518,33
2519,68
2520,262
2521,173
2522,55
2540,224
2541,411
2544,81
2545,69
2559,197
2560,52
2561,93
2562,150
2563,100
2564,24
2565,83
2566,154
2567,153
2569,92
2570,35
2571,217
2572,50
2602,120
2603,45
2604,137
2605,55
2606,200
2618,204
2619,86
2620,124
2621,63
2638,155
2639,NULL
2640,493
2641,90
2642,581
2643,109
2644,30
2645,108
2652,246
2653,123
2660,163
2661,72
2662,87
2663,125
2664,140
2665,130
2671,33
2683,125
2684,50
2685,134
2694,70
2695,43
2696,140
2697,97
2698,30
2700,500
2733,27
2734,120
2736,51
2737,194
2755,300
2756,434
2757,130
2758,110
2761,62
2762,235
2763,40
2764,315
2765,73
2767,60
2768,120
2769,43
2772,160
2773,30
2798,151
2799,40
2801,65
2802,70
2803,476
2804,100
2805,169
2806,22
2807,265
2837,57
2838,40
2840,NULL
2841,116
2842,33
2843,237
2844,116
2845,209
2852,266
2859,82
2860,106
2861,20
2862,63
2863,25
2864,25
2870,210
2871,137
2872,94
2873,126
2874,100
2875,85
2885,163
2886,24
2887,NULL
2888,410
2903,220
2909,37
2910,48
2930,100
2931,195
2932,100
2933,81
2934,42
2936,52
2955,185
2956,59
2957,322
2958,373
2959,207
2973,43
2974,450
2975,141
2976,100
2977,110
2978,36
2979,71
2980,199
2981,90
2982,55
2983,161
2984,81
2985,150
2986,100
2993,57
3004,714
3005,110
3012,379
3013,81
3018,761
3019,86
3020,85
3021,99
3022,20
3023,400
3024,92
3025,66
3046,100
3047,105
3048,382
3058,60
3060,100
3063,106
3064,79
3065,25
3066,66
3067,143
3068,91
3069,69
3070,103
3096,119
3097,21
3098,78
3099,151
3100,95
3101,255
3102,35
3103,254
3104,189
3105,35
3106,25
3120,33
3121,79
3133,110
3134,53
3135,299
3136,20
3158,223
3159,160
3160,95
3161,193
3162,200
3166,121
3167,225
3168,61
3179,92
3180,110
3181,80
3186,49
3187,271
3188,80
3189,28
3193,330
3194,179
3195,150
3210,40
3211,142
3213,18
3214,199
3215,250
3216,267
3230,350
3231,91
3232,36
3233,80
3234,207
3235,69
3253,235
3258,152
3261,86
3262,180
3263,26
3264,110
3265,67
3266,NULL
3268,162
3269,158
3289,13
3290,60
3291,65
3292,120
3293,55
3294,25
3295,NULL
3296,43
3297,20
3335,45
3336,74
3337,155
3338,50
3343,75
3352,490
3353,140
3354,203
3355,138
3356,203
3357,164
3360,405
3373,34
3375,198
3388,66
3389,100
3390,24
3391,432
3392,109
3407,183
3415,60
3416,166
3417,150
3418,25
3419,116
3439,147
3440,50
3441,55
3442,16
3443,96
3444,120
3446,36
3447,120
3469,15
3470,50
3471,736
3472,22
3473,66
3474,82
3475,30
3476,496
3483,69
3484,160
3488,100
3489,98
3490,170
3491,842
3492,80
3501,155
3502,54
3504,56
3505,100
3506,116
3507,50
3508,50
3541,61
3542,153
3543,88
3544,27
3549,200
3553,120
3554,90
3555,69
3556,192
3557,31
3558,379
3559,325
3560,225
3584,15
3585,45
3586,69
3587,89
3588,80
3589,143
3590,120
3607,150
3608,45
3609,164
3610,100
3611,100
3612,83
3613,213
3624,247
3625,123
3626,134
3627,285
3628,83
3629,830
3630,293
3653,113
3654,51
3655,33
3656,213
3657,157
3658,64
3662,59
3667,15
3674,43
3688,39
3689,27
3690,175
3691,479
3692,154
3693,51
3694,160
3701,61
3702,100
3708,160
3729,102
3730,339
3732,110
3760,40
3763,189
3764,180
3765,114
3766,62
3767,165
3778,237
3779,106
3780,150
3781,107
3782,346
3783,59
3795,77
3796,60
3797,85
3798,75
3799,64
3800,49
3801,100
3802,39
3805,323
3810,50
3819,95
3820,98
3821,345
3826,64
3827,213
3828,NULL
3830,77
3831,300
3832,50
3833,50
3844,213
3845,25
3846,80
3850,186
3851,44
3852,649
3868,60
3869,89
3870,142
3871,45
3872,66
3873,123
3874,115
3875,289
3876,93
3878,154
3879,82
3880,86
3881,NULL
3887,100
3889,175
3890,332
3891,88
3902,100
3903,25
3910,37
3911,180
3912,93
3914,115
3915,184
3916,480
3917,122
3929,35
3930,79
3931,90
3932,59
3933,65
3934,132
3935,158
3936,120
3937,50
3940,109
3941,267
3942,150
3971,52
3972,55
3973,29
3974,100
3996,33
3997,52
3998,99
3999,150
4000,99
4008,501
4011,90
4012,132
4013,130
4015,513
4016,136
4017,94
4018,41
4037,73
4038,136
4039,36
4040,100
4041,145
4042,64
4078,111
4079,58
4080,27
4081,80
4082,101
4083,23
4084,120
4085,72
4086,62
4087,450
4090,298
4091,100
4097,199
4098,257
4099,120
4100,81
4101,180
4108,25
4109,90
4110,176
4111,280
4112,89
4113,100
4124,51
4127,100
4137,60
4138,165
4139,114
4140,824
4141,100
4142,62
4159,90
4160,27
4161,127
4162,104
4168,45
4170,90
4171,300
4172,70
4191,50
4192,574
4193,150
4194,75
4195,63
4196,99
4197,293
4206,33
4207,33
4208,50
4209,49
4210,33
4211,344
4230,175
4231,128
4232,30
4233,243
4234,53
4240,96
4241,147
4242,79
4245,165
4246,30
4247,36
4248,212
4249,55
4250,94
4253,25
4254,33
4255,85
4256,84
4283,130
4284,250
4285,31
4286,168
4295,116
4296,53
4297,108
4298,138
4299,143
4301,71
4304,137
4305,148
4334,70
4335,256
4336,80
4337,94
4354,80
4355,77
4356,114
4357,90
4358,21
4359,16
4360,31
4361,91
4362,116
4376,90
4377,275
4378,100
4379,113
4382,79
4383,186
4411,49
4412,74
4413,12
4414,377
4415,66
4416,50
4422,32
4430,197
4442,250
4443,284
4444,90
4445,58
4446,46
4447,76
4448,49
4449,75
4450,50
4465,36
4466,83
4467,115
4468,34
4469,175
4476,77
4477,65
4478,200
4499,326
4500,553
4501,437
4502,48
4503,110
4504,100
4505,93
4531,362
4532,75
4533,111
4534,44
4553,178
4554,110
4555,26
4556,125
4557,38
4558,200
4559,110
4576,153
4603,60
4604,67
4605,134
4606,51
4607,82
4608,106
4610,105
4611,200
4612,140
4617,106
4631,33
4632,184
4633,44
4634,200
4635,50
4636,675
4637,147
4650,457
4651,69
4652,95
4658,90
4659,73
4660,88
4661,284
4664,240
4690,39
4691,150
4693,194
4694,291
4695,73
4696,181
4697,138
4699,223
4718,52
4719,72
4720,139
4721,32
4722,169
4734,95
4735,85
4736,64
4737,100
4738,35
4739,94
4740,16
4741,99
4742,150
4760,104
4761,115
4762,280
4763,16
4764,26
4765,525
4768,250
4769,79
4771,45
4772,150
4773,35
4776,388
4777,38
4778,24
4779,125
4780,196
4781,39
4782,70
4783,117
4784,60
4809,84
4810,43
4813,146
4814,45
4821,69
4822,48
4823,62
4824,110
4825,260
4826,20
4827,63
4828,100
4829,100
4830,20
4850,100
4851,132
4852,108
4853,175
4855,29
4856,41
4857,70
4861,80
4862,83
4863,175
4876,357
4879,168
4880,115
4881,189
4882,88
4883,111
4885,33
4886,89
4887,105
4888,19
4889,243
4890,123
4891,196
4918,54
4919,79
4920,83
4921,274
4922,100
4923,71
4946,24
4947,110
4948,122
4949,45
4955,70
4959,44
4960,76
4961,94
4962,120
4963,27
4964,70
4968,55
4969,176
4970,199
4973,85
4982,96
4983,180
4984,187
4994,358
4995,90
4996,106
4997,35
5004,28
5005,25
5006,80
5015,600
5016,NULL
5017,98
5018,60
5019,20
5020,50
5022,NULL
5023,250
5043,111
5044,288
5045,198
5046,40
5048,152
5049,156
5050,56
5051,64
5052,134
5069,300
5070,29
5071,199
5072,99
5073,128
5091,125
5092,27
5093,NULL
5094,213
5095,62
5096,166
5106,842
5109,429
5110,93
5111,90
5112,144
5115,107
5142,NULL
5143,35
5144,50
5145,360
5146,245
5155,130
5156,71
5157,37
5167,170
5168,145
5169,25
5170,116
5171,309
5192,23
5193,195
5194,190
5195,131
5196,33
5197,111
5198,60
5199,223
5200,45
5202,152
5216,66
5217,74
5218,133
5219,136
5220,217
5221,34
5222,79
5223,48
5224,160
5225,148
5226,156
5230,100
5242,34
5243,106
5244,122
5245,450
5246,257
5247,336
5249,98
5255,99
5256,598
5257,72
5258,55
5259,50
5260,150
5261,123
5262,58
5263,68
5264,35
5273,45
5287,44
5288,673
5289,66
5290,25
5296,9
5297,94
5298,143
5299,57
5302,97
5303,71
5304,160
5305,45
5306,39
5332,168
5333,100
5334,69
5335,95
5338,17
5339,147
5344,49
5345,127
5346,82
5347,430
5349,41
5350,100
5351,91
5352,24
5353,300
5354,37
5355,32
5356,57
5375,190
5376,280
5377,299
5378,300
5379,110
5380,135
5381,47
5382,135
5383,110
5398,160
5399,71
5400,231
5401,109
5402,160
5403,17
5404,33
5414,60
5415,35
5416,198
5417,108
5418,34
5419,75
5420,280
5421,50
5422,185
5423,140
5424,95
5425,70
5426,50
5463,361
5464,70
5465,243
5466,36
5467,120
5468,130
5472,120
5473,100
5477,109
5478,40
5487,41
5488,65
5489,31
5490,160
5491,66
5492,49
5493,495
5501,28
5502,100
5503,57
5510,90
5511,80
5512,148
5513,64
5514,41
5533,118
5534,35
5535,49
5557,100
5558,115
5559,60
5575,60
5576,15
5577,77
5578,75
5579,49
5580,83
5599,55
5600,180
5601,66
5602,43
5603,129
5604,255
5606,25
5607,9
5608,60
5611,30
5612,140
5616,64
5617,669
5618,54
5619,100
5620,23
5621,67
5630,60
5640,35
5641,36
5642,95
5643,25
5644,54
5651,50
5652,71
5653,136
5655,91
5656,122
5657,45
5658,105
5686,63
5687,60
5688,46
5708,300
5709,36
5713,80
5714,120
5715,106
5716,57
5718,120
5719,54
5720,454
5721,134
5722,220
5723,39
5724,150
5725,156
5726,223
5741,120
5742,102
5743,440
5745,115
5746,299
5747,105
5748,60
5749,109
5779,450
5780,199
5781,70
5793,110
5794,210
5795,75
5796,69
5797,91
5798,67
5799,138
5807,199
5808,84
5821,32
5822,146
5823,53
5838,NULL
5839,88
5840,67
5850,NULL
5851,199
5863,73
5864,500
5865,115
5866,196
5867,50
5868,155
5871,170
5884,80
5885,11
5886,300
5887,450
5888,2538
5890,271
5891,143
5892,100
5911,44
5912,222
5915,25
5916,38
5917,NULL
5918,78
5944,22
5947,228
5948,20
5949,147
5955,64
5960,665
5961,90
5962,180
5963,75
5971,40
5972,120
5973,377
5974,23
5990,50
5993,93
5994,54
5995,69
5996,50
6006,197
6007,55
6008,120
6009,50
6013,75
6014,148
6029,17
6030,100
6035,820
6036,150
6037,175
6053,147
6054,131
6067,NULL
6068,71
6069,24
6070,65
6071,173
6072,70
6073,69
6074,30
6079,160
6089,87
6090,46
6091,40
6092,130
6093,313
6098,220
6099,136
6100,69
6104,270
6105,144
6106,71
6107,175
6108,100
6109,82
6110,208
6111,80
6112,158
6113,199
6114,22
6115,180
6116,94
6117,72
6137,134
6138,35
6139,80
6140,196
6141,358
6151,196
6152,40
6153,80
6154,56
6160,216
6161,85
6162,227
6163,71
6164,NULL
6165,61
6182,93
6183,103
6184,42
6185,238
6186,150
6187,60
6188,56
6189,86
6190,205
6191,132
6192,264
6193,125
6194,84
6195,104
6196,32
6197,50
6209,169
6210,52
6211,NULL
6221,121
6222,122
6223,69
6224,51
6225,229
6227,38
6228,69
6229,48
6250,624
6251,NULL
6252,64
6253,279
6254,224
6258,50
6264,100
6265,34
6281,49
6282,65
6283,33
6284,182
6285,130
6291,245
6297,55
6298,78
6299,144
6300,95
6320,87
6321,141
6322,101
6323,97
6324,90
6325,120
6326,595
6327,209
6345,91
6346,156
6347,116
6348,40
6349,45
6350,36
6351,149
6370,153
6371,25
6372,73
6373,80
6374,55
6375,38
6376,47
6377,65
6378,115
6379,86
6380,35
6403,100
6404,69
6405,121
6406,100
6407,40
6408,90
6409,NULL
6410,250
6411,199
6418,36
6424,74
6425,76
6426,150
6437,60
6438,91
6444,172
6446,20
6447,100
6457,64
6458,34
6461,46
6462,88
6496,293
6497,285
6498,78
6499,63
6500,55
6523,350
6524,388
6525,64
6526,48
6535,178
6536,100
6537,70
6538,80
6539,105
6541,38
6542,30
6543,93
6544,34
6545,54
6546,253
6547,36
6548,15
6549,145
6567,84
6568,62
6569,235
6570,145
6571,46
6572,52
6576,120
6577,219
6592,400
6593,140
6594,149
6595,82
6596,60
6599,242
6600,177
6602,44
6603,48
6604,27
6605,40
6608,159
6609,307
6610,35
6611,90
6612,100
6613,47
6614,137
6615,154
6616,80
6617,45
6618,16
6643,90
6644,270
6645,25
6646,63
6647,64
6648,190
6649,35
6678,14
6679,77
6682,762
6683,50
6684,817
6685,63
6686,60
6687,112
6696,36
6697,62
6698,81
6699,39
6700,NULL
6701,31
6702,46
6703,50
6704,115
6705,100
6721,131
6725,113
6726,122
6734,99
6740,NULL
6741,150
6742,318
6746,37
6747,100
6759,126
6760,2
6761,61
6762,99
6763,84
6767,136
6781,37
6782,50
6783,203
6784,1000
6796,651
6797,80
6798,100
6799,130
6800,254
6801,60
6818,165
6819,241
6820,390
6821,40
6822,79
6823,105
6824,548
6825,91
6827,474
6828,27
6829,89
6830,80
6836,125
6837,86
6838,44
6839,137
6840,40
6841,20
6844,115
6845,107
6875,180
6883,57
6884,100
6885,187
6887,10
6891,58
6892,50
6893,89
6894,120
6895,121
6919,130
6920,68
6921,310
6922,64
6945,80
6946,37
6947,177
6950,71
6964,44
6965,197
6966,288
6967,284
6968,320
6969,50
6970,82
6971,75
6972,38
6973,170
6974,37
6975,50
6977,41
7011,59
7012,2078
7013,104
7014,320
7015,387
7016,188
7018,270
7027,291
7028,64
7029,65
7041,42
7042,47
7043,209
7044,45
7045,309
7046,89
7047,56
7057,140
7058,60
7059,31
7060,50
7062,90
7063,100
7064,51
7065,76
7086,73
7087,39
7088,397
7089,93
7091,105
7092,430
7093,NULL
7094,92
7095,73
7096,473
7097,100
7098,60
7100,70
7101,125
7125,20
7127,32
7128,60
7129,100
7130,85
7147,194
7148,150
7149,60
7150,NULL
7151,75
7152,277
7153,45
7154,150
7155,131
7156,186
7157,70
7179,69
7180,150
7181,80
7182,121
7183,27
7184,81
7185,103
7186,28
7187,19
7188,153
7191,75
7194,6
7199,339
7200,116
7201,34
7218,60
7219,210
7220,79
7221,7
7224,80
7243,156
7244,172
7246,40
7247,140
7248,34
7249,60
7250,77
7257,110
7258,88
7267,620
7268,65
7270,101
7291,53
7292,125
7293,39
7294,100
7296,146
7297,100
7298,37
7309,196
7310,55
7311,90
7312,76
7313,220
7338,35
7339,95
7340,50
7341,170
7342,30
7349,30
7350,158
7352,40
7353,25
7354,76
7355,218
7356,160
7357,33
7358,66
7382,13
7383,129
7384,140
7385,96
7386,57
7397,64
7398,200
7399,150
7400,26
7401,35
7405,114
7406,155
7408,118
7409,49
7410,70
7411,177
7412,112
7413,224
7441,75
7442,157
7443,46
7444,40
7445,96
7455,100
7456,100
7457,52
7458,37
7459,129
7460,189
7461,80
7479,135
7480,65
7481,47
7482,73
7483,94
7484,190
7485,35
7486,85
7488,84
7489,39
7490,104
7512,103
7513,410
7514,52
7515,108
7516,30
7517,180
7518,337
7519,90
7520,80
7521,140
7522,84
7531,100
7532,51
7537,427
7538,33
7540,65
7548,180
7549,103
7550,21
7551,125
7552,450
7553,138
7554,130
7559,NULL
7565,117
7566,272
7567,118
7568,250
7584,50
7585,111
7586,23
7587,90
7588,99
7601,84
7605,100
7606,74
7607,400
7608,50
7609,56
7610,142
7626,50
7627,611
7628,100
7629,142
7630,433
7631,353
7632,152
7633,83
7648,17
7649,62
7650,48
7651,200
7652,50
7653,134
7654,35
7655,86
7656,36
7657,36
7659,240
7661,95
7664,530
7666,156
7678,120
7688,157
7689,170
7690,110
7693,73
7694,NULL
7695,120
7696,26
7697,57
7707,40
7708,299
7709,100
7710,856
7711,133
7713,66
7714,18
7717,302
7718,33
7744,197
7745,52
7767,46
7768,25
7769,84
7770,62
7777,189
7778,50
7779,154
7780,26
7781,47
7782,196
7783,73
7784,231
7785,1020
7786,49
7787,49
7788,202
7804,155
7805,45
7806,NULL
7807,67
7808,66
7809,50
7841,130
7842,51
7843,70
7844,37
7845,98
7853,143
7854,190
7855,138
7856,76
7857,25
7864,97
7865,320
7866,417
7877,203
7887,NULL
7894,80
7908,120
7909,259
7910,75
7911,5
7912,199
7913,25
7914,60
7919,620
7920,700
7937,70
7938,102
7939,46
7940,43
7941,40
7942,60
7946,100
7948,97
7949,72
7950,96
7952,102
7953,198
7954,627
7955,20
7956,200
7974,100
7975,24
7976,NULL
7977,293
8010,34
8011,224
8014,54
8015,50
8016,120
8017,40
8018,153
8019,741
8020,360
8027,70
8034,NULL
8035,93
8036,340
8037,389
8047,75
8048,204
8049,615
8050,63
8065,67
8066,78
8077,40
8078,150
8079,19
8080,108
8090,43
8091,45
8092,33
8105,120
8106,250
8107,88
8125,31
8126,213
8127,129
8128,324
8129,99
8130,111
8131,297
8132,235
8152,77
8153,147
8154,48
8161,781
8171,214
8172,100
8173,62
8174,90
8179,170
8180,140
8181,125
8182,45
8185,74
8186,155
8187,88
8188,84
8189,39
8191,25
8192,30
8193,15
8194,40
8195,100
8196,35
8215,95
8216,75
8217,10
8227,100
8228,47
8229,45
8232,37
8237,320
8238,171
8239,55
8240,100
8241,82
8262,35
8263,122
8264,48
8265,102
8267,99
8268,110
8280,696
8281,542
8282,50
8283,28
8295,493
8296,69
8297,99
8298,25
8299,120
8329,78
8330,218
8331,179
8332,197
8333,20
8335,150
8336,NULL
8342,370
8343,115
8344,235
8362,149
8363,95
8364,38
8365,75
8366,130
8373,128
8374,75
8375,59
8376,92
8377,28
8378,165
8383,200
8408,77
8410,69
8411,70
8412,314
8413,94
8414,85
8415,100
8432,90
8433,173
8434,49
8435,50
8436,112
8437,35
8438,106
8439,59
8456,212
8457,105
8458,43
8459,60
8460,263
8461,90
8462,50
8463,51
8482,50
8483,23
8484,380
8485,99
8486,120
8489,200
8490,101
8491,100
8492,25
8497,23
8498,100
8499,240
8500,169
8509,97
8516,81
8517,6
8518,89
8519,100
8529,56
8530,50
8531,175
8533,40
8534,50
8538,100
8539,206
8568,183
8569,210
8570,38
8588,24
8589,164
8593,129
8594,53
8596,54
8597,110
8598,145
8599,135
8600,39
8601,264
8602,54
8624,153
8625,120
8626,23
8627,476
8628,17
8629,250
8630,249
8632,145
8633,133
8659,95
8662,44
8663,116
8664,35
8665,50
8666,80
8667,100
8672,633
8674,30
8675,300
8676,112
8677,128
8678,33
8679,78
8680,106
8681,259
8682,101
8689,159
8690,57
8691,26
8692,55
8693,25
8694,22
8711,119
8712,218
8713,118
8722,247
8723,44
8724,179
8725,45
8726,197
8727,134
8728,110
8729,65
8730,50
8731,387
8737,75
8753,59
8754,88
8756,68
8776,179
8777,75
8778,718
8779,241
8780,25
8781,NULL
8782,30
8783,93
8784,31
8801,61
8802,148
8803,104
8804,54
8805,100
8806,32
8807,33
8808,59
8829,314
8830,300
8831,29
8833,97
8834,700
8835,269
8836,20
8837,130
8845,600
8846,256
8847,53
8848,126
8850,30
8851,270
8852,89
8853,70
8870,160
8871,250
8872,459
8886,34
8887,278
8888,100
8889,134
8890,104
8891,74
8892,205
8893,465
8898,136
8899,40
8900,68
8901,30
8902,NULL
8903,66
8904,160
8905,135
8906,108
8907,35
8908,120
8927,60
8928,89
8929,22
8930,114
8931,612
8932,100
8940,100
8941,184
8953,126
8954,82
8955,162
8956,224
8957,32
8958,153
8960,54
8961,510
8962,94
8978,580
8979,41
8980,379
8981,86
8985,130
9000,75
9007,44
9008,29
9009,65
9010,70
9011,39
9012,50
9013,206
9014,139
9024,44
9025,60
9026,NULL
9031,251
9032,182
9034,66
9035,63
9036,274
9037,22
9048,172
9049,131
9050,221
9051,74
9052,73
9055,100
9056,240
9057,181
9059,155
9060,198
9061,101
9091,30
9092,215
9093,108
9094,97
9095,179
9096,198
9097,21
9098,133
9099,52
9100,101
9114,38
9115,12
9116,206
9117,40
9138,299
9139,66
9140,58
9141,30
9142,137
9143,446
9144,627
9149,110
9151,60
9152,203
9153,52
9154,165
9160,66
9161,50
9165,66
9166,92
9167,501
9168,110
9170,154
9171,182
9172,29
9173,700
9179,104
9180,47
9181,153
9182,129
9183,100
9185,87
9186,83
9199,45
9200,50
9201,18
9218,36
9219,50
9220,397
9221,67
9222,95
9223,72
9225,37
9226,122
9227,80
9247,138
9248,224
9249,25
9250,100
9251,108
9265,115
9266,100
9267,41
9268,70
9269,60
9270,55
9271,129
9272,150
9273,440
9274,101
9281,380
9290,12
9291,100
9292,77
9297,100
9298,161
9299,134
9300,70
9301,42
9323,135
9324,38
9325,66
9326,300
9327,NULL
9335,70
9336,105
9338,90
9344,160
9345,273
9346,431
9347,98
9348,30
9349,121
9350,19
9351,158
9352,86
9370,1320
9371,63
9372,20
9373,130
9374,95
9375,60
9376,157
9377,120
9378,130
9379,300
9380,NULL
9395,136
9396,61
9397,57
9398,33
9399,77
9401,194
9402,46
9403,60
9414,53
9415,70
9416,129
9417,99
9423,345
9450,108
9451,50
9455,448
9456,162
9462,73
9463,NULL
9465,110
9475,70
9476,101
9477,141
9478,40
9479,169
9480,300
9487,40
9488,40
9489,141
9493,144
9496,85
9513,5
9514,86
9515,90
9516,248
9517,403
9519,50
9540,74
9541,36
9542,300
9543,81
9544,432
9545,152
9546,58
9547,231
9565,66
9566,176
9567,70
9568,70
9569,309
9570,160
9572,25
9585,110
9586,120
9587,352
9588,59
9591,100
9592,59
9593,45
9596,131
9597,50
9598,166
9599,303
9600,565
9601,110
9602,68
9611,231
9617,NULL
9618,331
9619,200
9620,142
9629,105
9630,67
9631,198
9632,NULL
9633,71
9635,25
9637,155
9638,206
9639,83
9640,15
9666,NULL
9667,NULL
9668,47
9669,52
9689,409
9690,NULL
9698,51
9699,189
9700,134
9701,80
9702,146
9703,750
9704,180
9725,100
9726,108
9728,70
9729,108
9730,45
9731,93
9770,110
9773,60
9775,105
9776,93
9777,20
9778,300
9779,100
9780,59
9781,113
9782,150
9788,48
9793,NULL
9801,80
9802,100
9803,60
9804,83
9817,65
9818,360
9833,160
9834,4
9835,NULL
9836,213
9837,252
9838,NULL
9839,171
9840,47
9846,192
9847,83
9848,69
9855,57
9856,165
9857,84
9858,30
9859,35
9860,510
9861,80
9879,71
9880,32
9881,75
9886,380
9891,69
9892,137
9893,181
9894,55
9904,37
9905,108
9911,77
9912,53
9913,43
9914,81
9915,107
9916,115
9917,39
9918,45
9928,40
9929,85
9930,112
9931,400
9934,141
9935,418
9936,122
9937,43
9972,290
9973,45
9974,588
9992,216
9993,80
10001,20
10002,85
10003,250
10004,89
10008,52
10009,70
10010,45
10011,86
10012,100
10013,38
10015,280
10016,135
10017,115
10018,60
10034,101
10035,NULL
10036,404
10037,26
10038,91
10039,114
10040,130
10041,80
10042,120
10043,43
10044,85
10045,170
10082,63
10084,120
10085,28
10086,53
10087,100
10088,100
10089,196
10090,40
10091,50
10097,98
10103,340
10104,77
10105,272
10106,587
10107,50
10116,235
10130,165
10131,45
10132,80
10133,120
10134,127
10135,69
10149,78
10150,70
10151,100
10157,74
10158,100
10160,31
10169,41
10170,61
10171,664
10172,91
10173,74
10174,120
10175,24
10176,152
10177,87
10178,152
10181,56
10198,90
10199,80
10200,200
10201,133
10202,44
10203,384
10204,180
10205,250
10206,30
10207,100
10208,118
10209,58
10210,77
10211,44
10230,80
10231,150
10232,110
10233,100
10244,101
10255,23
10256,59
10257,136
10258,28
10259,160
10260,98
10266,38
10267,120
10268,508
10271,27
10272,81
10273,344
10274,74
10275,11
10295,100
10296,50
10297,61
10310,55
10311,160
10312,21
10313,270
10314,136
10315,34
10319,96
10324,109
10325,67
10326,27
10327,355
10346,60
10347,67
10348,165
10349,76
10350,95
10351,99
10352,127
10353,79
10354,50
10355,80
10356,95
10357,109
10364,54
10365,530
10366,108
10368,151
10379,60
10380,74
10381,100
10382,132
10383,181
10384,88
10385,178
10386,93
10388,135
10389,80
10390,238
10418,60
10419,79
10420,50
10421,150
10422,466
10423,220
10424,77
10426,44
10427,120
10431,150
10432,77
10455,65
10456,300
10457,21
10458,84
10459,70
10460,200
10461,48
10462,NULL
10473,60
10496,141
10499,70
10500,110
10501,80
10502,55
10527,81
10528,56
10530,233
10531,77
10532,180
10533,330
10534,60
10535,123
10536,704
10550,100
10551,100
10552,103
10571,23
10572,184
10599,250
10600,104
10601,44
10602,15
10603,47
10604,70
10605,174
10606,147
10607,29
10608,228
10609,120
10610,120
10611,107
10617,87
10624,100
10625,66
10626,49
10627,93
10628,80
10652,97
10655,83
10660,100
10661,67
10662,65
10692,61
10693,75
10694,130
10695,589
10696,107
10712,330
10713,245
10714,396
10733,30
10735,182
10741,70
10746,80
10747,32
10748,70
10750,50
10751,39
10770,96
10771,40
10772,85
10791,33
10796,50
10799,67
10800,120
10801,40
10802,137
10803,90
10804,180
10824,154
10825,140
10826,173
10827,99
10828,95
10829,84
10830,95
10831,109
10832,240
10833,269
10834,30
10835,89
10836,73
10837,105
10838,84
10839,NULL
10840,37
10841,109
10842,321
10859,242
10860,120
10876,17
10877,16
10878,61
10879,59
10880,90
10881,84
10882,123
10883,180
10885,107
10886,247
10887,143
10923,42
10924,100
10926,77
10932,103
10933,100
10947,140
10948,1118
10949,196
10950,53
10951,470
10952,206
10953,100
10954,25
10955,25
10964,45
10973,80
10974,192
10975,80
10979,190
10980,39
10991,189
10992,70
10993,40
10994,100
10995,33
10996,151
11014,85
11015,65
11017,25
11018,130
11019,232
11020,287
11021,401
11038,27
11039,118
11040,6
11041,294
11042,33
11043,43
11060,84
11061,189
11062,45
11063,150
11064,134
11065,8
11066,100
11067,212
11068,287
11074,57
11079,100
11080,110
11081,123
11082,179
11083,70
11084,81
11085,242
11111,60
11112,215
11113,141
11116,40
11117,32
11118,116
11121,29
11122,48
11123,49
11124,92
11125,52
11128,99
11129,81
11154,199
11155,220
11156,50
11172,35
11173,135
11174,120
11180,56
11181,152
11182,25
11183,44
11196,100
11197,80
11201,150
11218,128
11219,21
11227,NULL
11228,105
11229,273
11230,90
11233,200
11246,104
11247,107
11248,82
11249,400
11250,122
11251,161
11252,290
11253,92
11292,68
11293,237
11294,70
11295,170
11296,147
11297,70
11306,416
11307,76
11308,98
11309,100
11310,48
11311,180
11312,42
11318,35
11328,39
11338,71
11339,88
11340,270
11341,91
11342,66
11343,260
11365,235
11367,150
11368,80
11390,116
11391,105
11392,55
11393,35
11394,63
11395,47
11396,27
11397,110
11400,50
11401,86
11402,85
11412,29
11413,269
11414,300
11415,64
11416,247
11417,371
11418,50
11419,150
11420,553
11436,60
11437,50
11438,80
11450,17
11451,70
11452,76
11453,134
11457,40
11458,45
11459,51
11460,870
11463,30
11489,25
11490,50
11491,253
11492,273
11493,111
11504,55
11505,176
11506,53
11507,288
11508,101
11516,87
11517,88
11518,140
11519,33
11520,128
11521,48
11522,700
11523,50
11546,98
11547,197
11548,60
11557,89
11558,49
11559,60
11560,71
11561,66
11562,20
11563,39
11564,78
11567,94
11580,100
11581,55
11582,129
11583,90
11584,70
11585,10
11586,150
11587,119
11588,280
11611,47
11612,58
11613,24
11614,83
11615,73
11616,181
11617,58
11623,11
11624,137
11626,62
11627,100
11628,14
11631,36
11642,47
11643,140
11644,30
11645,50
11646,121
11647,202
11648,73
11656,239
11657,37
11658,50
11659,200
11660,168
11671,145
11672,40
11673,90
11687,35
11688,30
11689,110
11690,65
11691,NULL
11713,100
11715,180
11716,60
11717,75
11718,50
11719,131
11739,176
11740,25
11741,69
11742,333
11743,70
11744,33
11745,330
11746,176
11747,130
11765,25
11766,498
11767,70
11768,229
11769,1466
11770,390
11773,134
11774,350
11778,110
11780,109
11781,81
11782,92
11783,20
11784,40
11785,81
11795,62
11796,29
11806,36
11807,126
11808,47
11809,89
11811,111
11812,192
11813,30
11827,55
11828,77
11829,163
11830,45
11831,10
11834,30
11835,240
11836,245
11837,112
11838,198
11839,70
11863,25
11864,48
11865,109
11866,53
11867,77
11868,145
11869,183
11871,60
11882,50
11883,95
11884,83
11889,50
11890,184
11891,154
11892,140
11897,305
11898,18
11899,80
11900,230
11916,260
11917,97
11918,120
11919,198
11920,136
11952,50
11953,59
11954,100
11957,300
11958,24
11959,147
11960,41
11965,194
11968,108
11969,276
11970,50
11971,21
11972,291
11973,28
11974,40
11975,27
11981,201
11982,55
11983,60
11984,28
12003,24
12004,71
12009,74
12010,439
12011,47
12012,197
12013,30
12014,65
12015,92
12016,140
12017,57
12019,62
12020,25
12021,149
12022,30
12023,97
12031,275
12032,27
12033,133
12034,75
12035,80
12036,114
12060,100
12061,124
12062,120
12063,36
12064,90
12065,67
12080,134
12081,199
12082,114
12083,218
12084,217
12085,6
12086,6
12100,199
12101,256
12102,280
12103,343
12104,250
12109,73
12110,117
12111,50
12116,198
12117,100
12118,78
12119,62
12120,58
12121,100
12143,190
12144,100
12145,190
12152,311
12153,25
12156,110
12158,55
12159,46
12160,176
12161,55
12181,232
12182,215
12183,442
12184,44
12185,57
12186,85
12187,65
12203,565
12204,40
12205,33
12206,117
12222,26
12223,157
12224,80
12225,132
12226,51
12227,256
12228,410
12229,123
12232,20
12233,150
12258,90
12259,149
12261,100
12267,20
12268,92
12279,12
12280,75
12289,49
12290,162
12291,45
12292,207
12293,68
12296,57
12298,25
12299,74
12300,56
12302,63
12322,25
12323,19
12324,18
12325,218
12326,58
12327,764
12328,99
12329,43
12330,33
12331,43
12332,70
12333,190
12352,72
12353,48
12354,176
12355,130
12356,40
12357,142
12380,124
12381,66
12382,160
12383,32
12384,258
12385,103
12406,55
12407,12
12408,131
12409,143
12410,99
12411,169
12412,72
12413,52
12414,456
12415,60
12416,88
12417,245
12418,131
12425,90
12433,33
12434,167
12435,73
12436,60
12444,82
12452,335
12453,54
12456,80
12457,57
12458,50
12459,90
12467,137
12468,117
12469,80
12470,67
12471,81
12475,359
12476,94
12477,65
12478,25
12498,432
12499,60
12500,75
12501,96
12503,80
12504,88
12518,234
12519,350
12520,50
12521,76
12522,91
12539,30
12541,155
12542,80
12543,71
12544,33
12545,137
12554,33
12555,48
12558,189
12559,119
12560,55
12561,30
12562,135
12563,57
12564,150
12586,167
12587,36
12594,49
12595,22
12597,130
12598,131
12601,NULL
12602,53
12603,42
12604,85
12605,85
12606,101
12607,71
12608,90
12609,164
12633,90
12634,38
12635,49
12636,184
12637,150
12638,59
12647,92
12648,135
12649,50
12650,150
12651,40
12652,47
12653,29
12656,120
12669,28
12670,18
12671,31
12672,57
12673,252
12674,43
12675,35
12676,58
12678,223
12680,90
12681,92
12682,202
12705,178
12706,100
12707,204
12708,590
12711,189
12715,60
12716,74
12725,82
12744,369
12745,72
12746,197
12747,45
12759,40
12760,522
12761,163
12762,26
12763,111
12764,38
12765,55
12766,29
12773,118
12777,35
12778,120
12779,90
12798,113
12799,55
12800,60
12801,111
12802,116
12803,391
12804,62
12805,531
12806,265
12829,NULL
12847,25
12848,50
12849,32
12850,39
12851,100
12854,54
12879,74
12880,16
12881,35
12882,53
12883,266
12884,49
12885,NULL
12886,39
12889,90
12901,58
12902,166
12904,33
12905,218
12906,25
12907,117
12908,23
12909,50
12926,171
12927,218
12935,199
12937,94
12938,226
12939,25
12940,124
12960,152
12961,99
12962,90
12963,118
12964,69
12965,220
12970,161
12971,52
12972,153
12973,90
13001,45
13002,27
13003,83
13004,70
13005,120
13006,560
13012,165
13013,174
13029,167
13030,108
13031,97
13038,180
13040,168
13044,68
13045,71
13046,258
13047,59
13048,50
13049,76
13050,33
13051,62
13052,236
13053,260
13054,475
13067,68
13068,90
13069,376
13070,66
13071,69
13072,116
13073,25
13074,300
13098,82
13100,135
13101,31
13102,83
13103,50
13104,125
13105,90
13106,82
13111,328
13118,116
13119,63
13120,212
13121,158
13122,150
13123,92
13124,45
13125,42
13126,220
13136,125
13137,152
13138,476
13139,152
13140,268
13145,37
13146,71
13155,87
13157,212
13158,30
13169,163
13170,137
13180,86
13181,25
13182,386
13183,84
13184,97
13185,101
13186,27
13187,NULL
13188,25
13197,189
13204,20
13205,120
13206,351
13207,22
13208,180
13209,80
13210,36
13211,450
13237,70
13238,129
13239,56
13240,255
13251,165
13252,105
13253,90
13254,20
13256,37
13257,46
13263,51
13264,106
13265,75
13266,35
13288,122
13289,167
13290,199
13291,206
13292,81
13293,108
13294,150
13304,104
13305,340
13306,55
13307,64
13308,299
13309,74
13310,100
13311,24
13312,83
13326,111
13327,16
13328,182
13329,150
13330,50
13358,82
13359,50
13360,58
13361,110
13362,12
13371,63
13383,98
13384,120
13385,30
13386,26
13398,58
13399,117
13400,268
13404,18
13405,50
13422,77
13425,106
13426,170
13427,114
13428,75
13445,300
13446,100
13447,223
13448,60
13449,54
13450,125
13451,50
13452,130
13453,50
13470,28
13471,79
13472,205
13473,68
13474,110
13475,10
13476,134
13499,32
13500,228
13501,80
13506,145
13507,115
13513,182
13514,40
13519,100
13520,477
13521,150
13522,40
13523,144
13524,100
13525,1060
13526,74
13531,50
13532,496
13533,167
13540,180
13541,210
13542,39
13543,65
13545,164
13546,145
13547,20
13548,83
13549,32
13550,111
13558,155
13559,98
13560,69
13561,69
13562,81
13563,103
13566,138
13567,66
13568,79
13594,28
13595,187
13596,33
13600,18
13601,110
13603,100
13617,90
13618,35
13625,140
13627,127
13628,47
13630,70
13631,43
13632,24
13633,88
13634,192
13635,30
13636,240
13639,266
13640,33
13663,177
13664,38
13665,80
13666,106
13667,250
13668,120
13669,63
13697,190
13700,187
13701,90
13702,67
13703,85
13704,94
13705,90
13706,278
13707,50
13708,140
13709,100
13721,180
13722,275
13723,150
13724,63
13725,150
13726,99
13727,299
13735,33
13736,100
13737,58
13738,34
13746,79
13754,116
13755,142
13756,292
13757,92
13758,150
13763,27
13764,93
13767,80
13768,487
13769,166
13777,51
13778,144
13779,86
13780,100
13798,133
13799,135
13800,150
13801,117
13802,156
13803,57
13816,176
13817,236
13818,33
13819,83
13835,53
13836,43
13837,62
13838,74
13839,22
13840,24
13859,200
13860,100
13861,75
13862,161
13863,185
13882,188
13883,28
13884,110
13900,80
13901,110
13902,185
13903,49
13904,21
13905,100
13906,103
13911,57
13912,199
13913,55
13914,165
13915,62
13916,21
13923,50
13924,357
13925,48
13926,148
13927,197
13928,66
13945,60
13946,86
13947,440
13948,48
13949,71
13950,100
13959,32
13960,17
13961,50
13962,104
13963,38
13964,55
13965,170
13966,220
13982,82
13983,38
13984,150
14007,118
14008,140
14014,140
14017,42
14018,700
14019,214
14020,166
14021,46
14043,104
14044,106
14045,308
14046,74
14047,1771
14048,20
14049,218
14080,125
14082,67
14083,143
14084,480
14097,48
14098,49
14099,36
14100,215
14101,385
14102,95
14103,177
14110,67
14111,14
14112,151
14122,354
14123,50
14124,150
14132,302
14139,210
14140,60
14141,86
14156,165
14157,49
14158,40
14161,53
14162,160
14183,170
14184,64
14185,80
14186,169
14187,38
14188,285
14189,50
14190,40
14191,70
14192,110
14193,55
14210,99
14211,120
14212,185
14213,99
14214,120
14215,102
14216,85
14217,85
14233,55
14234,115
14236,57
14237,233
14238,50
14239,86
14240,85
14241,48
14246,90
14247,43
14248,85
14249,100
14250,98
14253,100
14254,150
14255,75
14256,45
14257,122
14258,79
14259,25
14260,270
14261,25
14265,156
14287,57
14288,277
14289,386
14306,100
14307,126
14308,277
14315,NULL
14316,122
14317,150
14318,60
14319,48
14320,275
14346,34
14347,56
14348,37
14349,42
14350,142
14351,59
14352,160
14353,180
14354,NULL
14355,65
14356,160
14357,160
14371,489
14372,216
14373,100
14374,60
14375,88
14376,8
14379,49
14380,79
14394,58
14395,50
14396,80
14397,100
14399,200
14400,83
14427,10
14428,192
14429,80
14430,462
14440,90
14452,160
14453,189
14454,232
14455,300
14456,30
14457,49
14467,66
14468,218
14469,NULL
14470,55
14471,200
14472,207
14473,147
14474,48
14475,71
14482,117
14483,14
14493,50
14508,74
14509,40
14510,125
14511,46
14525,504
14526,165
14527,50
14528,99
14529,118
14530,70
14531,80
14532,49
14533,42
14534,220
14535,33
14536,15
14551,70
14552,376
14559,77
14560,33
14561,66
14562,70
14564,53
14565,41
14566,45
14567,72
14568,25
14569,90
14570,138
14571,130
14603,154
14604,15
14614,16
14615,60
14616,158
14617,63
14620,100
14621,191
14627,97
14628,83
14629,79
14647,120
14648,250
14649,91
14650,59
14651,55
14652,NULL
14653,100
14654,181
14655,60
14656,500
14657,122
14659,119
14676,90
14677,31
14678,40
14679,90
14680,50
14681,70
14696,125
14697,156
14699,96
14701,95
14725,8
14726,97
14727,270
14731,1272
14732,96
14739,80
14740,100
14741,NULL
14750,99
14751,66
14752,70
14760,85
14761,89
14762,215
14765,150
14766,273
14767,120
14784,158
14785,94
14786,166
14790,36
14791,12
14809,40
14810,192
14811,162
14812,50
14827,374
14847,153
14848,65
14849,150
14853,41
14854,50
14855,104
14856,80
14859,166
14860,70
14861,67
14867,1546
14873,25
14874,86
14875,66
14876,424
14877,30
14878,100
14879,70
14880,204
14886,46
14887,189
14888,78
14889,192
14890,99
14891,61
14916,378
14917,48
14918,180
14919,717
14920,44
14935,110
14937,150
14938,26
14939,90
14940,57
14941,60
14942,30
14943,36
14944,95
14945,50
14948,53
14949,320
14950,91
14952,100
14953,87
14954,80
14955,26
14972,27
14973,23
14974,35
14976,199
14977,80
15000,88
15001,50
15002,100
15003,132
15004,103
15005,216
15006,33
15007,34
15008,160
15009,157
15010,45
15011,140
15017,199
15018,68
15019,70
15026,110
15027,130
15028,21
15029,362
15030,114
15036,338
15037,100
15048,228
15059,32
15060,85
15061,66
15062,56
15063,97
15088,67
15089,160
15091,62
15092,NULL
15108,150
15109,145
15110,120
15111,156
15112,197
15118,62
15119,40
15120,70
15121,48
15129,300
15130,92
15131,121
15132,125
15133,84
15134,48
15135,174
15136,110
15137,35
15158,184
15159,100
15160,32
15161,147
15162,100
15163,80
15164,300
15167,88
15181,200
15182,NULL
15183,210
15184,48
15191,106
15192,144
15193,100
15220,132
15221,300
15222,23
15223,716
15224,66
15226,110
15227,135
15233,100
15234,70
15235,64
15250,140
15251,33
15252,125
15253,116
15254,255
15255,378
15256,137
15268,121
15269,100
15270,22
15274,65
15275,35
15276,122
15277,66
15294,44
15297,30
15298,34
15299,324
15300,181
15301,51
15302,135
15303,100
15304,25
15322,60
15323,30
15324,258
15325,106
15326,52
15342,156
15343,80
15344,62
15345,90
15346,61
15347,80
15348,100
15349,132
15350,533
15351,135
15352,27
15353,364
15370,26
15371,111
15372,42
15373,194
15374,88
15376,140
15378,120
15379,70
15383,19
15384,30
15385,192
15386,90
15387,77
15388,81
15389,135
15390,265
15391,80
15402,185
15403,29
15405,126
15417,27
15418,245
15419,90
15420,266
15422,28
15423,140
15424,220
15425,308
15450,198
15451,53
15452,58
15453,21
15454,20
15455,32
15463,200
15464,164
15482,125
15483,126
15484,91
15489,75
15490,210
15491,45
15492,117
15493,150
15494,100
15495,50
15496,100
15497,155
15498,84
15499,122
15502,28
15503,109
15504,74
15523,200
15524,34
15525,128
15526,45
15527,70
15528,148
15530,75
15531,175
15532,220
15533,38
15534,80
15564,175
15565,31
15569,73
15570,100
15571,37
15572,NULL
15573,115
15574,341
15575,69
15576,82
15581,104
15587,20
15588,55
15589,34
15590,54
15591,174
15592,114
15593,120
15594,60
15595,336
15596,660
15601,50
15602,223
15603,47
15604,414
15605,617
15606,97
15612,40
15613,41
15620,210
15629,288
15630,288
15631,100
15632,65
15640,90
15641,66
15642,33
15651,38
15652,81
15653,103
15654,380
15655,180
15656,143
15657,122
15658,330
15659,73
15662,13
15663,46
15664,75
15665,262
15687,498
15688,50
15689,116
15690,199
15691,120
15692,180
15694,135
15695,363
15696,51
15697,280
15718,130
15719,118
15720,38
15721,299
15722,120
15734,97
15735,90
15736,208
15737,273
15738,100
15748,59
15754,560
15756,190
15757,80
15775,55
15794,227
15795,93
15796,162
15797,77
15798,306
15799,100
15800,244
15801,85
15802,82
15803,80
15821,89
15822,61
15823,107
15824,25
15825,40
15826,205
15827,23
15828,111
15837,65
15838,415
15841,41
15842,45
15843,331
15844,166
15845,372
15846,96
15847,142
15853,57
15854,291
15860,30
15861,127
15863,26
15864,450
15873,218
15874,30
15875,120
15876,50
15877,500
15879,163
15884,33
15885,60
15886,38
15887,179
15910,90
15911,189
15912,170
15914,100
15915,50
15916,115
15929,43
15930,39
15931,33
15941,192
15942,210
15943,50
15944,24
15945,99
15946,156
15966,32
15967,30
15968,55
15969,81
15970,210
15971,50
16005,161
16010,175
16011,271
16012,160
16013,132
16014,180
16019,82
16020,115
16021,110
16022,50
16023,79
16024,76
16025,122
16026,29
16027,550
16028,55
16029,24
NA,NULL
16031,103
16032,68
16038,163
16039,88
16051,100
16053,25
16054,41
16055,40
16056,160
16057,45
16065,47
16066,250
16083,75
16084,228
16085,151
16086,70
16087,200
16088,63
16090,20
16091,70
16114,100
16117,NULL
16118,116
16133,28
16134,50
16135,100
16136,213
16137,NULL
16159,135
16160,60
16161,55
16162,94
16173,90
16174,50
16175,160
16179,55
16180,28
16181,100
16182,108
16208,85
16209,61
16210,61
16211,60
16222,88
16223,52
16224,188
16225,49
16226,62
16227,110
16229,70
16230,30
16231,NULL
16232,63
16257,350
16258,58
16259,245
16260,96
16261,132
16262,177
16263,40
16264,158
16265,185
16266,322
16280,51
16281,369
16282,86
16283,245
16284,99
16285,65
16286,66
16288,30
16299,97
16300,120
16301,50
16303,62
16329,77
16330,420
16331,286
16332,82
16333,169
16334,80
16335,195
16336,33
16337,175
16346,110
16355,200
16356,90
16357,100
16358,84
16359,33
16360,44
16361,430
16362,50
16363,695
16364,108
16365,46
16371,90
16372,260
16373,75
16374,17
16375,88
16382,180
16383,50
16384,97
16385,75
16408,180
16409,45
16410,123
16411,119
16412,95
16413,209
16414,43
16437,72
16438,88
16439,34
16440,22
16441,92
16442,265
16443,90
16444,198
16445,39
16446,150
16455,50
16456,200
16458,55
16460,120
16464,256
16465,277
16466,103
16468,32
16479,85
16480,40
16481,80
16482,36
16483,125
16484,200
16485,37
16486,100
16487,100
16488,NULL
16489,40
16497,100
16498,92
16499,115
16500,107
16501,16
16502,130
16506,100
16507,141
16508,89
16526,32
16528,78
16529,85
16530,71
16531,112
16532,62
16533,NULL
16534,71
16535,75
16553,89
16554,103
16555,300
16556,64
16557,150
16558,330
16567,84
16568,88
16569,100
16570,73
16571,220
16572,103
16573,50
16590,191
16591,NULL
16592,91
16595,NULL
16596,20
16599,161
16600,24
16605,66
16606,100
16610,103
16611,100
16612,100
16613,75
16614,81
16631,178
16632,77
16641,69
16642,58
16643,233
16644,300
16645,60
16647,70
16648,62
16649,37
16650,315
16686,25
16687,95
16688,202
16689,60
16691,543
16714,79
16719,35
16720,172
16721,199
16722,199
16723,26
16724,130
16726,30
16727,38
16728,75
16729,73
16743,144
16744,130
16745,115
16746,75
16747,38
16748,88
16779,90
16781,90
16782,37
16783,56
16784,777
16785,463
16797,150
16798,71
16799,30
16800,165
16801,55
16802,230
16803,37
16804,123
16814,120
16815,70
16816,81
16828,25
16829,6
16830,135
16838,80
16839,87
16840,25
16848,50
16850,170
16851,95
16863,60
16864,48
16865,87
16866,55
16882,48
16883,81
16884,219
16885,184
16886,175
16887,110
16888,239
16889,313
16890,76
16891,55
16892,150
16893,450
16894,222
16899,53
16900,6
16901,260
16902,640
16903,27
16904,NULL
16905,243
16906,65
16907,164
16908,100
16926,114
16927,55
16928,19
16929,76
16930,677
16938,32
16939,242
16940,116
16942,100
16943,84
16944,34
16945,150
16946,65
16947,459
16948,45
16973,82
16974,77
16975,253
16987,95
16988,50
16989,160
16990,199
16991,58
16992,174
16993,105
16998,85
16999,114
17000,185
17001,100
17002,92
17003,51
17004,130
17026,215
17027,80
17028,30
17029,204
17030,27
17031,25
17032,49
17044,38
17045,303
17046,120
17047,100
17048,60
17049,41
17050,165
17051,114
17060,53
17064,187
17067,160
17102,50
17103,59
17106,66
17110,15
17121,25
17122,44
17123,90
17130,40
17133,66
17134,NULL
17135,58
17136,84
17137,60
17138,50
17159,50
17160,43
17161,100
17162,108
17163,91
17164,283
17165,166
17200,44
17203,234
17204,55
17205,119
17207,74
17208,95
17209,47
17210,44
17211,50
17217,41
17222,133
17223,232
17224,34
17225,116
17226,70
17227,128
17228,212
17229,84
17237,NULL
17238,145
17248,80
17250,136
17251,176
17252,80
17253,96
17259,50
17260,24
17268,96
17269,30
17272,100
17280,269
17281,192
17282,9
17283,55
17284,219
17304,100
17305,50
17306,94
17307,347
17308,110
17309,109
17310,67
17327,58
17328,70
17337,40
17346,83
17347,94
17348,33
17349,122
17355,250
17360,66
17361,251
17362,127
17363,30
17364,100
17365,47
17366,140
17367,65
17394,30
17395,348
17396,35
17397,80
17407,40
17408,50
17409,44
17410,85
17414,92
17415,77
17420,88
17421,80
17422,53
17423,49
17424,71
17425,172
17426,27
17449,107
17450,43
17451,45
17452,80
17453,216
17454,45
17455,265
17456,306
17457,253
17458,80
17459,57
17462,431
17473,105
17474,129
17475,138
17476,21
17488,212
17489,54
17490,46
17491,167
17492,28
17493,84
17494,40
17495,67
17500,74
17501,78
17502,59
17503,25
17530,100
17531,150
17532,90
17533,99
17534,56
17536,94
17542,287
17543,60
17556,134
17557,75
17558,576
17564,NULL
17565,65
17566,60
17567,30
17568,72
17574,191
17575,145
17576,90
17577,85
17592,50
17593,50
17594,236
17595,110
17596,436
17597,100
17598,55
17621,133
17622,108
17623,35
17624,131
17625,135
17626,118
17627,79
17641,104
17642,164
17643,136
17644,80
17645,50
17646,80
17647,70
17648,63
17658,94
17659,26
17660,100
17661,96
17662,95
17666,24
17667,130
17672,111
17673,35
17674,166
17675,300
17676,200
17688,73
17693,71
17696,35
17697,90
17698,55
17713,330
17714,100
17715,56
17716,65
17717,122
17718,491
17741,192
17742,75
17743,63
17744,195
17745,118
17746,230
17747,62
17748,17
17749,92
17750,158
17751,142
17753,69
17764,13
17765,115
17766,132
17767,394
17768,75
17794,192
17795,220
17796,134
17797,NULL
17798,142
17799,61
17803,175
17806,351
17811,40
17812,110
17815,25
17828,70
17829,160
17830,78
17831,122
17832,75
17833,56
17840,106
17841,385
17842,107
17843,145
17850,49
17851,104
17852,50
17853,75
17856,100
17857,180
17858,155
17875,110
17876,150
17879,152
17880,297
17883,35
17906,66
17907,103
17908,100
17909,55
17910,99
17925,98
17926,70
17927,135
17928,100
17929,50
17930,145
17931,63
17932,154
17934,104
17957,17
17958,60
17959,80
17960,20
17961,428
17963,18
17964,312
17972,590
17973,139
17974,159
17976,68
17977,NULL
17978,40
17979,230
17980,89
17981,90
17982,355
17983,16
17984,70
17985,181
18001,268
18002,76
18003,199
18004,45
18016,82
18017,205
18018,243
18019,65
18020,143
18021,37
18022,22
18023,71
18024,30
18025,148
18026,218
18027,283
18028,51
18029,14
18030,66
18054,147
18055,65
18056,94
18057,51
18058,70
18059,137
18079,60
18080,80
18081,33
18082,113
18089,321
18090,100
18091,80
18092,48
18093,60
18094,110
18095,131
18096,81
18099,78
18100,100
18101,33
18114,50
18115,30
18116,110
18117,58
18118,199
18119,140
18120,1400
18121,24
18148,111
18149,50
18150,170
18151,110
18153,102
18154,29
18163,100
18164,28
18165,326
18166,99
18167,74
18168,70
18169,99
18170,153
18178,176
18179,106
18180,110
18181,162
18182,62
18192,443
18193,450
18197,200
18198,60
18199,72
18200,270
18201,46
18202,200
18203,627
18213,77
18221,135
18222,700
18223,43
18224,98
18225,200
18226,37
18227,490
18228,196
18251,28
18252,233
18253,56
18254,120
18255,58
18256,55
18257,150
18258,267
18259,80
18260,80
18261,63
18262,94
18263,345
18278,72
18279,58
18280,165
18281,120
18282,40
18283,30
18284,80
18285,157
18290,30
18291,40
18306,45
18307,50
18308,133
18309,166
18310,165
18324,130
18325,119
18330,99
18331,90
18332,176
18333,110
18334,103
18335,33
18336,195
18337,215
18338,44
18362,60
18363,350
18371,408
18373,86
18374,10
18379,430
18380,155
18381,45
18382,146
18383,160
18384,128
18408,145
18409,46
18410,148
18411,55
18412,88
18413,400
18414,51
18415,59
18416,27
18417,150
18418,99
